{"boundaryID": "KGZ-ADM1-38789647", "boundaryISO": "KGZ", "boundaryYear": "2017", "boundaryType": "ADM1", "boundarySource": "OpenStreetMap, Wambacher", "boundaryCanonical": "", "boundaryLicense": "Open Data Commons Open Database License 1.0", "licenseDetail": "Open Data Commons Open Database License 1.0", "licenseSource": "https//www.openstreetmap.org/copyright", "boundarySourceURL": "https//wambachers-osm.website/boundaries/", "sourceDataUpdateDate": "Thu Jan 19 07:31:04 2023", "buildDate": "Dec 12, 2023", "admUnitCount": "7", "meanVertices": "3976.0", "minVertices": "774", "maxVertices": "8506", "meanPerimeterLengthKM": "1398.048249321666", "maxPerimeterLengthKM": "1734.2453674567942", "minPerimeterLengthKM": "810.3256937016629", "meanAreaSqKM": "28380.70880742552", "minAreaSqKM": "11447.135061185374", "maxAreaSqKM": "49255.99937256761"}